model_type,train_time,best_nround,logloss,accuracy,eval_metric,max_depth,learning_rate,rsm,objective,subsample,iterations,early_stopping_rounds,reg_lambda
catboost,4590.089436702,11301,0.46715982255146654,0.773016,Logloss,10,0.1,0.7,Logloss,0.3,12000,50,10
catboost,8020.445910531,11826,0.46366776849979047,0.77501,Logloss,10,0.1,1.0,Logloss,0.6,12000,50,10
catboost,671.419062079,1561,0.4873495224318639,0.75922,Logloss,8,0.1,1.0,Logloss,0.6,12000,50,0
catboost,3427.369844481,11888,0.47893957199779197,0.764608,Logloss,6,0.1,0.9,Logloss,0.3,12000,50,0
catboost,4409.435697032,11991,0.47234603739598785,0.769258,Logloss,8,0.1,0.5,Logloss,0.3,12000,50,10
catboost,3877.764983837,9513,0.46800864580266477,0.772574,Logloss,10,0.1,0.7,Logloss,0.3,12000,50,1
catboost,9811.703618491,11854,0.4639131728666219,0.775186,Logloss,10,0.1,1.0,Logloss,0.6,12000,50,1
catboost,5235.898787166,11999,0.47664439859562513,0.766132,Logloss,6,0.1,0.7,Logloss,0.9,12000,50,10
