model_type,train_time,logloss,accuracy
neurotrees,640.022486088,0.4922657608985901,0.754094
evotrees,39.930319737,0.5229547619819641,0.734566
xgboost,37.002285656,0.5228915214538574,0.734414
lightgbm,61.757069111,0.49260922130584694,0.755228
catboost,62.956427159,0.5207727982436215,0.73622
