model_type,train_time,best_nround,logloss,accuracy,num_class,eval_metric,colsample_bytree,max_depth,lambda,eta,objective,tree_method,subsample,num_round,early_stopping_rounds,max_bin
xgboost,1390.671889134,3897,0.46477333,0.775176,0,logloss,0.7,10,1,0.1,reg:logistic,hist,1.0,12000,50,128
xgboost,1935.766505759,6470,0.46830773,0.771472,0,logloss,0.7,8,10,0.1,reg:logistic,hist,0.8,12000,50,128
xgboost,610.072030657,1540,0.47866374,0.764514,0,logloss,0.5,10,0,0.1,reg:logistic,hist,0.4,12000,50,128
xgboost,2790.37917987,,0.47117624,0.769302,0,logloss,0.9,6,0,0.1,reg:logistic,hist,1.0,12000,50,128
xgboost,1744.940349622,5730,0.46881825,0.771618,0,logloss,0.9,8,0,0.1,reg:logistic,hist,0.8,12000,50,128
xgboost,1958.432962623,6191,0.46919072,0.771412,0,logloss,0.7,8,1,0.1,reg:logistic,hist,0.8,12000,50,128
xgboost,1845.394118797,7476,0.4806185,0.76284,0,logloss,0.5,6,1,0.1,reg:logistic,hist,0.4,12000,50,128
xgboost,860.960765698,2209,0.4719387,0.769436,0,logloss,0.7,10,0,0.1,reg:logistic,hist,0.6,12000,50,128
