model_type,train_time,logloss,accuracy
neurotrees,10.800400652,0.41272857785224915,0.8283582089552238
evotrees,0.113506717,0.39455899596214294,0.8134328358208955
xgboost,0.045010211,0.38881683349609375,0.8283582089552238
lightgbm,0.341162543,0.4009827987749196,0.835820895522388
catboost,0.060602862,0.39654884618216263,0.8432835820895522
