model_type,train_time,logloss,accuracy
neurotrees,14.217684216,0.4290144741535187,0.8208955223880597
evotrees,0.106743475,0.39923644065856934,0.7985074626865671
xgboost,0.039177317,0.38148123025894165,0.8134328358208955
lightgbm,0.303567749,0.4009827987749196,0.835820895522388
catboost,0.111844979,0.39411998401236936,0.835820895522388
