model_type,train_time,logloss,accuracy
neurotrees,14.557501561,0.4181804955005646,0.8283582089552238
evotrees,0.091300267,0.39366626739501953,0.7910447761194029
xgboost,0.045508557,0.38881683349609375,0.8283582089552238
lightgbm,0.228561237,0.4009827987749196,0.835820895522388
catboost,0.160597135,0.38522903517898016,0.8432835820895522
