model_type,train_time,logloss,accuracy
neurotrees,9.559182562,0.4389571249485016,0.7985074626865671
evotrees,0.081670341,0.3973376154899597,0.8208955223880597
xgboost,0.029807454,0.39482879638671875,0.8283582089552238
lightgbm,0.13951918,0.38821602684589634,0.8283582089552238
catboost,0.071220794,0.39592915562912046,0.8283582089552238
