model_type,train_time,logloss,accuracy
neurotrees,9.467486225,0.4104410409927368,0.8283582089552238
evotrees,0.067985852,0.3977923095226288,0.8208955223880597
xgboost,0.034969869,0.39482879638671875,0.8283582089552238
lightgbm,0.220883445,0.4009827987749196,0.835820895522388
catboost,0.10205651,0.3901982829601735,0.835820895522388
