model_type,train_time,logloss,accuracy
neurotrees,12.046790325,0.4155064821243286,0.8283582089552238
evotrees,0.074239311,0.39923644065856934,0.7985074626865671
xgboost,0.037385393,0.3871288299560547,0.8283582089552238
lightgbm,0.132706464,0.4009827987749196,0.835820895522388
catboost,0.078070429,0.3841277344304478,0.8283582089552238
