model_type,train_time,logloss,accuracy
neurotrees,11.84007899,0.4312666356563568,0.8134328358208955
evotrees,0.059734355,0.40272507071495056,0.7985074626865671
xgboost,0.050467658,0.41152840852737427,0.7985074626865671
lightgbm,0.148681013,0.3707628345521913,0.835820895522388
catboost,0.270221919,0.39331746246114824,0.8432835820895522
