model_type,train_time,logloss,accuracy
neurotrees,13.841309543,0.4157513976097107,0.8208955223880597
evotrees,0.046524846,0.400990754365921,0.8134328358208955
xgboost,0.034688407,0.3815261125564575,0.8208955223880597
lightgbm,0.387235677,0.4009827987749196,0.835820895522388
catboost,0.069664833,0.3864204635966459,0.8283582089552238
