model_type,train_time,logloss,accuracy
neurotrees,11.626961194,0.4224747121334076,0.8283582089552238
evotrees,0.040003065,0.39880332350730896,0.8208955223880597
xgboost,0.030678188,0.39482879638671875,0.8283582089552238
lightgbm,0.389025951,0.4009827987749196,0.835820895522388
catboost,0.104679334,0.38993420508205145,0.835820895522388
