model_type,train_time,logloss,accuracy
neurotrees,9.956847571,0.4273425340652466,0.8208955223880597
evotrees,0.069451217,0.397904634475708,0.8283582089552238
xgboost,0.063766217,0.3815183937549591,0.8432835820895522
lightgbm,0.404811016,0.4001106119431738,0.8208955223880597
catboost,0.056982748,0.3972981764389112,0.8432835820895522
