model_type,train_time,logloss,accuracy
neurotrees,11.447525405,0.409553200006485,0.8432835820895522
evotrees,0.147924689,0.4083234667778015,0.8134328358208955
xgboost,0.034144813,0.38148123025894165,0.8134328358208955
lightgbm,0.389090101,0.4009827987749196,0.835820895522388
catboost,0.09813003,0.392505366622257,0.8507462686567164
