model_type,train_time,logloss,accuracy
neurotrees,7.946485045,0.44458863139152527,0.8208955223880597
evotrees,0.10959539,0.4045482873916626,0.8208955223880597
xgboost,0.051206302,0.41152840852737427,0.7985074626865671
lightgbm,0.127643384,0.3880522438447189,0.8283582089552238
catboost,0.263963544,0.39331746246114824,0.8432835820895522
