model_type,train_time,logloss,accuracy
neurotrees,9.170224727,0.41652920842170715,0.835820895522388
evotrees,0.152732812,0.39880332350730896,0.8208955223880597
xgboost,0.027132693,0.3871467411518097,0.8208955223880597
lightgbm,0.084037483,0.4009827987749196,0.835820895522388
catboost,0.163971658,0.38522903517898016,0.8432835820895522
