model_type,train_time,logloss,accuracy
neurotrees,16.836762226,0.43775472044944763,0.8134328358208955
evotrees,0.094971209,0.4088968336582184,0.7985074626865671
xgboost,0.043648268,0.3850390613079071,0.8283582089552238
lightgbm,0.527141682,0.3849827231786808,0.835820895522388
catboost,0.140383279,0.39081560293696954,0.835820895522388
