model_type,train_time,logloss,accuracy
neurotrees,9.572461271,0.45736438035964966,0.7985074626865671
evotrees,0.226914164,0.38663381338119507,0.8208955223880597
xgboost,0.098677427,0.3837887644767761,0.8283582089552238
lightgbm,0.525092525,0.379078312631419,0.835820895522388
catboost,0.176664551,0.38931548194401955,0.835820895522388
