model_type,train_time,logloss,accuracy
neurotrees,10.132762862,0.4154612123966217,0.8283582089552238
evotrees,0.116958371,0.3884578347206116,0.8134328358208955
xgboost,0.049674543,0.37901952862739563,0.8208955223880597
lightgbm,0.260003283,0.4001106119431738,0.8208955223880597
catboost,0.061900987,0.3906100790395196,0.8134328358208955
