model_type,train_time,logloss,accuracy
neurotrees,9.610429971,0.4199841022491455,0.8283582089552238
evotrees,0.110297968,0.39455899596214294,0.8134328358208955
xgboost,0.048718637,0.38530823588371277,0.8283582089552238
lightgbm,0.573525592,0.4009827987749196,0.835820895522388
catboost,0.150115022,0.38522903517898016,0.8432835820895522
