model_type,train_time,logloss,accuracy
neurotrees,14.517936551,0.414480596780777,0.8283582089552238
evotrees,0.04507958,0.4054470658302307,0.8134328358208955
xgboost,0.027873325,0.38776934146881104,0.835820895522388
lightgbm,0.256085661,0.4001106119431738,0.8208955223880597
catboost,0.100966724,0.3888790276040171,0.8432835820895522
