model_type,train_time,logloss,accuracy
neurotrees,24.167854478,0.42267605662345886,0.8059701492537313
evotrees,0.106903761,0.4101012051105499,0.7985074626865671
xgboost,0.044336492,0.385420024394989,0.8208955223880597
lightgbm,0.536984573,0.4009827987749196,0.835820895522388
catboost,0.170906272,0.38977305752280383,0.835820895522388
