model_type,train_time,logloss,accuracy
neurotrees,21.303793507,0.41537022590637207,0.8283582089552238
evotrees,0.062066803,0.40817391872406006,0.8059701492537313
xgboost,0.053186953,0.38881683349609375,0.8283582089552238
lightgbm,0.134701093,0.4009827987749196,0.835820895522388
catboost,0.264642573,0.38977305752280383,0.835820895522388
