model_type,train_time,logloss,accuracy
neurotrees,21.387050727,0.4148479104042053,0.8283582089552238
evotrees,0.129449194,0.39455899596214294,0.8134328358208955
xgboost,0.050005719,0.39408713579177856,0.835820895522388
lightgbm,0.206052955,0.4001106119431738,0.8208955223880597
catboost,0.080559081,0.3860006238049224,0.8432835820895522
