model_type,train_time,mse,gini
neurotrees,21.524296994,24.696788786313636,0.9286352558895211
evotrees,0.238956673,23.90072276899049,0.9360479285134036
xgboost,0.140530783,23.483775835301998,0.9311670728405096
lightgbm,0.645160565,27.77003108052729,0.922028161386407
catboost,0.083127649,19.384376380126977,0.9288451123747632
