model_type,train_time,mse,gini
neurotrees,19.45711181,16.096925548955618,0.9432372055239644
evotrees,0.162577091,17.806552649083272,0.9374763065258599
xgboost,0.073638959,20.94087672662988,0.9353506634172759
lightgbm,0.953594782,26.755268270499666,0.9257040346601682
catboost,0.132484535,15.664686418223566,0.9425331708637963
