model_type,train_time,mse,gini
neurotrees,12.107340396,24.369964585931825,0.9199905226103439
evotrees,0.154251908,18.906352607864303,0.9364744110479286
xgboost,0.105744104,23.725176409061724,0.9304630381803416
lightgbm,0.78019476,26.755268270499666,0.9257040346601682
catboost,0.087384823,16.147601037579506,0.9396899539669648
