model_type,train_time,mse,gini
neurotrees,11.56793678,18.412788898846486,0.9263268345518549
evotrees,0.152109329,20.952547991855035,0.9329542377470892
xgboost,0.079438766,22.253316688530713,0.9310046033035472
lightgbm,0.476578891,27.98861807698995,0.9166260492824266
catboost,0.354636437,18.340705989732072,0.9461751963173572
