model_type,train_time,mse,gini
neurotrees,16.662261542,21.16298534494418,0.9443067966422967
evotrees,0.108967985,22.073048342278696,0.9316544814513953
xgboost,0.112113068,23.29810722745294,0.9337124289195777
lightgbm,0.394906137,26.755268270499666,0.9257040346601682
catboost,0.144354292,15.664686418223566,0.9425331708637963
