model_type,train_time,mse,gini
neurotrees,18.881986546,17.895614262340196,0.9455794746818305
evotrees,0.099613311,22.073048342278696,0.9316544814513953
xgboost,0.100790537,23.725176409061724,0.9304630381803416
lightgbm,0.72130421,26.755268270499666,0.9257040346601682
catboost,0.089061138,16.147601037579506,0.9396899539669648
