model_type,train_time,mse,gini
neurotrees,18.131589292,21.83337914556138,0.939547793122123
evotrees,0.14413034,18.906352607864303,0.9364744110479286
xgboost,0.072006146,20.48560240162024,0.9418155970755481
lightgbm,1.377360153,26.755268270499666,0.9257040346601682
catboost,0.070098464,15.916678116949473,0.9357568372596807
