model_type,train_time,mse,gini
neurotrees,22.123820978,15.708722945313301,0.9467370701326835
evotrees,0.066775097,20.219799582736563,0.9375169239101004
xgboost,0.092091795,23.725176409061724,0.9304630381803416
lightgbm,1.381413631,26.755268270499666,0.9257040346601682
catboost,0.110279728,18.6388003844591,0.9359260763606826
