model_type,train_time,mse,gini
neurotrees,13.833912372,28.801730923918694,0.9244855131329539
evotrees,0.213771331,23.627611594306817,0.9392567018684002
xgboost,0.05710197,21.72788712087882,0.9363322502030871
lightgbm,0.550883657,26.755268270499666,0.9257040346601682
catboost,0.093444653,16.147601037579506,0.9396899539669648
