model_type,train_time,mse,gini
neurotrees,20.921742667,17.88571996259446,0.9385188193880311
evotrees,0.173328439,21.249315282973175,0.9386948280530737
xgboost,0.067466463,22.582783164463713,0.9322163552667209
lightgbm,0.268057835,26.755268270499666,0.9257040346601682
catboost,0.085197039,18.491271955593458,0.9343555375033846
