model_type,train_time,mse,gini
neurotrees,20.603349844,18.081608392663842,0.9495125913891146
evotrees,0.228392585,17.014345450376705,0.9354318981857574
xgboost,0.088940705,18.69367139584666,0.9425128621716761
lightgbm,0.720941118,27.50123013354827,0.919855131329543
catboost,0.18233771,20.016292796598645,0.9370972109396155
