model_type,train_time,mse,gini
neurotrees,17.411840393,23.9004418863266,0.9326834551854863
evotrees,0.192601007,23.33395436869975,0.9315664771188736
xgboost,0.065293487,18.27257567540432,0.9386203628486329
lightgbm,0.15360134,26.70257043711251,0.9314649336582729
catboost,1.069784642,20.554599583818064,0.9340035201733011
