model_type,train_time,mse,gini
neurotrees,10.814671268,19.50214092756265,0.9393582453290009
evotrees,0.215079762,21.249315282973175,0.9386948280530737
xgboost,0.149452901,23.483775835301998,0.9311670728405096
lightgbm,0.669566607,26.755268270499666,0.9257040346601682
catboost,0.163572105,16.301941525482576,0.9445911183319794
