model_type,train_time,mse,gini
neurotrees,19.961559771,22.44969707825281,0.9392973192526402
evotrees,0.091436173,23.814021419892246,0.9343284592472249
xgboost,0.107846073,24.24120021688617,0.9293325209856488
lightgbm,1.218831344,26.755268270499666,0.9257040346601682
catboost,0.082164281,18.596740243592315,0.9328933116707284
