model_type,train_time,mse,gini
neurotrees,13.809730577,25.586611985452727,0.9360411589493637
evotrees,0.126674469,20.39189536979966,0.9306458164094237
xgboost,0.047238889,25.994412037959126,0.9325683725968051
lightgbm,0.87600069,26.755268270499666,0.9257040346601682
catboost,0.150732396,17.22238430979658,0.9323178987273218
