model_type,train_time,mse,gini
neurotrees,13.993119239,15.917849107171827,0.9471026265908479
evotrees,0.151710934,25.116507614159243,0.9223192526401301
xgboost,0.056374615,21.72788712087882,0.9363322502030871
lightgbm,0.221098001,26.755268270499666,0.9257040346601682
catboost,0.181488715,16.301941525482576,0.9445911183319794
