model_type,train_time,mse,gini
neurotrees,15.936318757,16.271317447700394,0.9443406444624968
evotrees,0.152462055,19.760447524963503,0.9314175467099921
xgboost,0.136235225,20.635022668220095,0.9420999187652315
lightgbm,0.583433816,26.755268270499666,0.9257040346601682
catboost,0.07955592,18.491271955593458,0.9343555375033846
