model_type,train_time,mse,gini
neurotrees,14.941704431,22.179285176398565,0.9400622799891689
evotrees,0.112724202,22.283163802654496,0.9275115082588684
xgboost,0.060568911,24.069646125910648,0.9318711075006769
lightgbm,0.691501082,26.755268270499666,0.9257040346601682
catboost,0.08974048,17.971693750095408,0.9331708637963713
