model_type,train_time,mse,gini
neurotrees,17.206783669,15.237303629031832,0.9466287571080422
evotrees,0.065096435,22.060911045294382,0.9379230977525048
xgboost,0.455391218,22.98885814311413,0.9349309504467918
lightgbm,0.405360721,27.98861807698995,0.9166260492824266
catboost,0.276344368,18.087284890402977,0.9397779582994855
