model_type,train_time,mse,gini
neurotrees,16.221795011,23.284088095499918,0.9374898456539399
evotrees,0.064242922,20.997796110169276,0.9286352558895211
xgboost,0.093570691,25.319227635316384,0.9205794746818308
lightgbm,0.320086135,28.015142471879575,0.926949634443542
catboost,0.981167876,19.974462047323005,0.9384037367993503
