model_type,train_time,mse,gini
neurotrees,25.190646376,17.75216388117872,0.9458028702951531
evotrees,0.269572254,25.68083803800167,0.9312279989168701
xgboost,0.104772685,21.485143469854375,0.9453290008123477
lightgbm,0.233841238,26.755268270499666,0.9257040346601682
catboost,0.176004836,17.971693750095408,0.9331708637963713
