model_type,train_time,mse,gini
neurotrees,15.258916454,17.11329363401837,0.9522001083130246
neurotrees-gaussian,11.909236575,34.0625485830814,0.8845789331167072
evotrees,0.139637515,20.939437294755677,0.9349715678310321
xgboost,0.06546902,22.522033176660436,0.9367451936095317
lightgbm,0.181664326,26.755268270499666,0.9257040346601682
catboost,0.083799953,16.147601037579506,0.9396899539669648
