model_type,train_time,mse,gini
neurotrees,17.943745063,14.27354481660178,0.9501692391010021
evotrees,0.168544633,17.806552649083272,0.9374763065258599
xgboost,0.105915256,23.725176409061724,0.9304630381803416
lightgbm,0.54854978,26.755268270499666,0.9257040346601682
catboost,0.136933597,15.44765171483182,0.9384443541835906
