model_type,train_time,mse,gini
neurotrees,16.588490177,13.19450316863612,0.9507852694286487
evotrees,0.391510261,23.459362602846603,0.9321215813701602
xgboost,0.102867927,21.580856675086935,0.930963985919307
lightgbm,0.40628042,26.70257043711251,0.9314649336582729
catboost,0.126554575,14.934907621460473,0.9441578662334145
