model_type,train_time,mse,ndcg
neurotrees,558.771899441,0.5912335362213005,0.7804767860312695
evotrees,304.953134226,0.5456856817603349,0.7975742635667639
xgboost,108.766698248,0.5434270543465896,0.798189369708474
lightgbm,137.847557368,0.5397800347320588,0.7974214391782607
catboost,354.894692056,0.5537922357303667,0.7971663480554025
