model_type,train_time,mse,ndcg
neurotrees,1425.859187538,0.6051199653969414,0.7767338462409309
evotrees,152.732439271,0.5450663572096522,0.798311203427199
xgboost,107.494894991,0.5434270543465896,0.798189369708474
lightgbm,161.621128644,0.5410766968943334,0.7975217935171637
catboost,190.78100412,0.554006176111637,0.7964459662621187
