model_type,train_time,mse,ndcg
neurotrees,852.86483279,0.5801896356228687,0.7835295655010608
evotrees,341.459210047,0.5462716137375296,0.7970972682607371
xgboost,115.863806676,0.5441515292501258,0.7986347780190978
lightgbm,314.645304601,0.5433886773354732,0.7980554173959452
catboost,289.973258631,0.5517552672659244,0.7987881166800467
