model_type,train_time,mse,ndcg
neurotrees,326.554985845,0.5824289829340314,0.78066556858483
evotrees,160.207039915,0.547084554833714,0.7960792135009028
xgboost,67.431392079,0.5454577011752836,0.7982126312951839
lightgbm,116.611196949,0.5412588970051591,0.7957466425438958
catboost,170.981683002,0.5544810398307022,0.7967131706100481
