model_type,train_time,mse,ndcg
neurotrees,299.102874653,0.582632388784297,0.7814611224358079
evotrees,441.887588202,0.5449829335917782,0.7970940319357291
xgboost,128.548919753,0.5438541760290001,0.7969782066773711
lightgbm,215.423413442,0.5387930314843707,0.7982270161728504
catboost,241.386469452,0.5551818280982515,0.7963619110678187
