model_type,train_time,mse,ndcg
neurotrees,507.541005321,0.5876687034411608,0.7809820753656674
evotrees,319.301552679,0.5460551721835845,0.7982218863868576
xgboost,79.866226693,0.545754891124816,0.7975631301321991
lightgbm,142.009596878,0.5397800347320588,0.7974214391782607
catboost,242.363211965,0.5566755118409287,0.7965289806055579
