model_type,train_time,mse,ndcg
neurotrees,300.075345892,0.5826465019929112,0.7814790846291277
evotrees,441.14486279,0.5449829335917782,0.7970940319357291
xgboost,150.014593754,0.5438541760290001,0.7969782066773711
lightgbm,228.091820179,0.5387930314843707,0.7982270161728504
catboost,242.948747137,0.5551818280982515,0.7963619110678187
