model_type,train_time,mse,ndcg
neurotrees,1096.480969239,0.5832420480180435,0.7817478058264993
evotrees,159.424297128,0.5427188199341458,0.7991257149972633
xgboost,56.204101528,0.550279641532764,0.7967477271701252
lightgbm,123.331024913,0.5412422411730105,0.7972784261834984
catboost,379.893906099,0.5541297428874126,0.7973196857174456
