model_type,train_time,mse,ndcg
neurotrees,1956.032981866,0.5897829278530126,0.7792886476643653
evotrees,159.633088547,0.553746027185361,0.7943884839859024
xgboost,67.064931642,0.5497203336284945,0.7941929051408659
lightgbm,122.356754104,0.5412422832743475,0.7972784261834984
catboost,381.844601519,0.5541297428874126,0.7973196857174456
