model_type,train_time,mse,ndcg
neurotrees,405.468843701,0.579175883722417,0.784048739819451
evotrees,312.068043593,0.5456856817603349,0.7975742635667639
xgboost,81.475188343,0.5441515292501258,0.7986347780190978
lightgbm,166.886817253,0.5404484867362237,0.7971203769168279
catboost,288.847469619,0.5517552672659244,0.7987881166800467
