model_type,train_time,mse,ndcg
neurotrees,219.26172351,0.5748519611015839,0.46294345866495157
evotrees,39.201738475,0.5538219643827923,0.5005116585267936
xgboost,14.785356039,0.5535122107583775,0.5027993287828152
lightgbm,16.879018189,0.5535815616457775,0.5071975450222383
catboost,71.114410083,0.5533678066434753,0.5026829708935767
