model_type,train_time,mse,ndcg
neurotrees,85.087372493,0.5774082521011747,0.466998084174557
evotrees,39.76057805,0.5541763010792997,0.5046429764367646
xgboost,19.395671588,0.5539580504689277,0.5010148865649217
lightgbm,38.501823346,0.5530804322012692,0.5070497308605617
catboost,112.417761187,0.5534958915883326,0.5040423398813026
