model_type,train_time,mse,ndcg
neurotrees,169.437100775,0.5743115410856982,0.46555159833375
evotrees,33.90004044,0.5546819166069025,0.49708192922958033
xgboost,12.966213122,0.5549616968423207,0.5040584808116568
lightgbm,14.936169596,0.5536659462521502,0.5069955676225361
catboost,64.011915924,0.5543746742024958,0.5040204844947755
