model_type,train_time,mse,ndcg
neurotrees,211.227710674,0.5844834277407637,0.4477313494503088
evotrees,23.036358358,0.5538508970280112,0.5045095378425484
xgboost,12.454448846,0.554494569769641,0.5025202106279442
lightgbm,48.950373945,0.5534280708050534,0.5011112459595917
catboost,78.937579922,0.55265249562405,0.5044753387660037
