model_type,train_time,mse,ndcg
neurotrees,120.472161216,0.5788068203603087,0.45986747712618375
evotrees,51.616717763,0.5537210917516735,0.5040347284574854
xgboost,14.079788333,0.5545781894157469,0.4995342583049962
catboost,118.837558771,0.5537332332763388,0.502917477725641
