model_type,train_time,mse,ndcg
neurotrees,39.688738919,0.5781154897933279,0.45861335585303514
evotrees,43.929961313,0.5543789187642876,0.5005973761840113
xgboost,21.366987431,0.5529174202732997,0.500823394590428
lightgbm,22.100067689,0.5523852349902494,0.5071486506798561
catboost,96.463378748,0.5539995594873924,0.5049364697543854
