model_type,train_time,mse,ndcg
neurotrees,170.562335562,0.5743387864230882,0.46660967028648487
evotrees,40.350536789,0.5541767266120428,0.5000526495562652
xgboost,12.344765844,0.554494569769641,0.5025202106279442
lightgbm,16.934305301,0.5535815616457775,0.5071975450222383
catboost,54.207087577,0.5526165975171433,0.5059115741483939
