model_type,train_time,mse,ndcg
neurotrees,83.380544396,0.5781790992016541,0.4611273215635587
evotrees,16.92991223,0.5549202970135241,0.5015163495575409
xgboost,13.510237301,0.5547575518235844,0.5021333752760793
lightgbm,16.963549511,0.5533811980152533,0.504142534510796
catboost,44.432905453,0.5538492645044114,0.5037330946220739
