model_type,train_time,mse,ndcg
neurotrees,88.551195445,0.5807244306989506,0.45886610967992986
evotrees,31.588203484,0.5535545151794351,0.5006366663759998
xgboost,13.219257097,0.5555849167870818,0.4989133651518049
lightgbm,37.255562822,0.5534280708050534,0.5011112459595917
catboost,77.015397315,0.55265249562405,0.5044753387660037
