model_type,train_time,mse,ndcg
neurotrees,187.751746984,0.5787384247745041,0.4632059456969587
evotrees,29.691585215,0.5548010743076615,0.5005458931819514
xgboost,12.563039602,0.5532233411116718,0.5029738593556493
lightgbm,14.412429808,0.5531807714562447,0.506835714448606
catboost,77.590340039,0.55265249562405,0.5044753387660037
