model_type,train_time,mse,ndcg
neurotrees,268.214591647,0.5774830842897288,0.46279083302772883
evotrees,34.285698463,0.5535545151794351,0.5006366663759998
xgboost,10.926149004,0.5537790680343746,0.5042073659402068
lightgbm,36.994145354,0.5534280708050534,0.5011112459595917
catboost,126.114547079,0.5522327626546243,0.5064320601692925
