model_type,train_time,mse,ndcg
neurotrees,208.503132663,0.5870437577959877,0.4459209409491638
evotrees,27.262388542,0.5532832756508432,0.5036677740208491
xgboost,13.904972202,0.5551386140607971,0.49869663611199594
lightgbm,14.069838192,0.5536659462521502,0.5069955676225361
catboost,55.575721927,0.5533996071131981,0.5039996850574059
