model_type,train_time,mse,ndcg
neurotrees,171.097627567,0.5730543738044768,0.4639118076079748
evotrees,38.102096195,0.5543713911956901,0.5006175818538497
xgboost,14.444731045,0.5532486459976728,0.5025410720879335
lightgbm,14.217583075,0.5531807714562447,0.506835714448606
catboost,68.153745002,0.5528002329089065,0.5035347309012348
