model_type,train_time,mse,ndcg
neurotrees,64.731603628,0.5740436608188446,0.46765098244890124
evotrees,42.257808343,0.552904732948337,0.5042540225620853
xgboost,17.666569929,0.5533472586241265,0.5025689935531472
lightgbm,18.656166779,0.5530804322012692,0.5070497308605617
catboost,109.939036015,0.5534958915883326,0.5040423398813026
