model_type,train_time,mse,ndcg
neurotrees,115.235534835,0.5817868289175587,0.4560775894150729
evotrees,37.028353435,0.5550457758802503,0.5005727232558463
xgboost,16.140318666,0.5539471707910766,0.5016911511209088
lightgbm,14.537487192,0.5526752261969802,0.5072966242031336
catboost,63.630670062,0.5531951387212939,0.5040460858980801
