model_type,train_time,mse,ndcg
neurotrees,351.953570677,0.5759354496520266,0.4626012762443204
evotrees,33.001987945,0.5539085980739725,0.5047584413411991
xgboost,13.862640471,0.5552443956100098,0.5011835388726612
lightgbm,37.33596136,0.5534280708050534,0.5011112459595917
catboost,65.413766356,0.5532329910570721,0.5069501792511326
