model_type,train_time,mse,ndcg
neurotrees,200.93828331,0.5792676332089504,0.45804331931097986
evotrees,22.230181944,0.5545203133436967,0.5007479572043356
xgboost,12.571997443,0.5539686534994616,0.500218306158253
lightgbm,15.558369102,0.5534855578536699,0.5080690427009168
catboost,70.783801437,0.5533678066434753,0.5026829708935767
