model_type,train_time,mse,ndcg
neurotrees,156.303312984,0.5740246875693663,0.4665544396901678
evotrees,41.013286412,0.5541767266120428,0.5000526495562652
xgboost,12.88263202,0.554494569769641,0.5025202106279442
lightgbm,17.403901503,0.5535815616457775,0.5071975450222383
catboost,54.595604052,0.5526165975171433,0.5059115741483939
