model_type,train_time,mse,ndcg
neurotrees,375.748805514,0.5765222214560001,0.46088480066594967
evotrees,29.108558581,0.5553042781066141,0.4989057755123852
xgboost,16.840012056,0.5546318127175891,0.4986978502089154
lightgbm,35.615749207,0.5534280708050534,0.5011112459595917
catboost,84.781540343,0.5517313028627541,0.5064282106810076
