model_type,train_time,mse,ndcg
neurotrees,186.5932268,0.5844833747063786,0.4477318498270439
evotrees,21.689139425,0.5538508970280112,0.5045095378425484
xgboost,11.768277542,0.554494569769641,0.5025202106279442
lightgbm,36.474820312,0.5534280708050534,0.5011112459595917
catboost,77.391504492,0.55265249562405,0.5044753387660037
