model_type,train_time,mse,ndcg
neurotrees,34.299400188,0.577790114864011,0.4576000374911956
evotrees,34.408022773,0.5545567678193171,0.5027016034170322
xgboost,12.230070377,0.554604567249296,0.5011210899132815
lightgbm,46.1824833,0.5534280708050534,0.5011112459595917
catboost,122.947341678,0.5522327626546243,0.5064320601692925
