model_type,train_time,mse,ndcg
neurotrees,111.300837694,0.5828724480045481,0.45177552764794027
evotrees,21.499852092,0.5538508970280112,0.5045095378425484
xgboost,12.420251915,0.554494569769641,0.5025202106279442
lightgbm,15.319694077,0.5532849001046345,0.5063367648356109
catboost,52.538162972,0.5527061750667221,0.5059408328316539
