model_type,train_time,mse,gini
neurotrees,351.041373725,76.91092216378843,0.6510388942485533
neurotrees-gaussian,208.590534377,76.66615896049531,0.6542491914312052
evotrees,30.020733496,80.89935302734375,0.6238728463233366
xgboost,25.325482763,80.76382446289062,0.6213576421273344
lightgbm,196.100301862,79.69668757858595,0.6288057148458726
catboost,36.541247011,79.1320254205945,0.6356167129576861
