model_type,train_time,mse,gini
neurotrees,150.606615512,77.05291207578992,0.6491858902923379
neurotrees-gaussian,175.419669175,76.57969566315757,0.6526621567875741
evotrees,49.165579939,80.55108642578125,0.6245637436852108
xgboost,16.339488641,80.14472198486328,0.6291987235321538
lightgbm,159.112989149,79.57602800798291,0.6307311394630192
catboost,40.064598406,79.38190360608488,0.6335075668880775
