model_type,train_time,mse,gini
neurotrees,224.091894406,77.34604863621091,0.6493947119531469
neurotrees-gaussian,256.806694974,76.21426609086186,0.6550304818571216
evotrees,23.224050777,80.0160903930664,0.6294392786548277
xgboost,15.992647244,80.3266830444336,0.6285695572420834
lightgbm,52.510735758,79.71535047079087,0.6296063789047682
catboost,34.388570219,79.52068081131638,0.6331378255068848
