model_type,train_time,mse,gini
neurotrees,35.576763207,78.24785491763306,0.6448548031811503
evotrees,28.476897202,80.16219329833984,0.6284349675481253
xgboost,23.226366713,80.05253601074219,0.6276326279184828
lightgbm,56.514817521,78.93762227110311,0.635197016111894
catboost,79.121223505,79.43032922555751,0.6338881890905298
