model_type,train_time,mse,gini
neurotrees,193.116862572,76.10486190315665,0.6553847848318176
evotrees,77.440523733,80.70793914794922,0.621117131566258
xgboost,11.966832313,80.25044250488281,0.6262275846164523
lightgbm,209.529025906,79.80931866528245,0.628661201038083
catboost,91.291087765,79.13419654168116,0.6347884053987715
