model_type,train_time,mse,gini
neurotrees,633.838736903,76.32807549508208,0.6529575744815723
evotrees,47.774170409,80.62310028076172,0.6254557210188088
xgboost,19.148057294,81.39501190185547,0.6174612371343984
lightgbm,173.548713467,79.97352137801415,0.6272971895356941
catboost,77.696143181,79.56695104011922,0.632952029069602
