model_type,train_time,mse,gini
neurotrees,130.513062272,76.69158997723547,0.6505632218850331
neurotrees-gaussian,373.355837223,76.2701256871877,0.6550715820027719
evotrees,29.107243609,80.55352783203125,0.625263401091698
xgboost,14.824215152,79.64205169677734,0.6292946775008392
lightgbm,242.216350162,79.57602800798291,0.6307311394630192
catboost,67.881404115,79.49636923893658,0.6332131913340183
