model_type,train_time,mse,gini
neurotrees,300.84637618,76.54747984500129,0.6532023811360566
neurotrees-gaussian,141.52946978,76.6672291721237,0.6521915515971308
evotrees,48.770184359,80.62310028076172,0.6254557210188088
xgboost,17.552524833,80.45401763916016,0.6242916427788116
lightgbm,56.969858317,79.29754781244404,0.6321061436007378
catboost,66.75353374,79.76511188648851,0.6318507103721459
