model_type,train_time,mse,gini
neurotrees,361.319739904,77.0468479022905,0.6493532687105334
neurotrees-gaussian,424.845782239,76.53938338384405,0.6548856973991383
evotrees,23.365559752,80.20426940917969,0.6278722395928542
xgboost,24.124352233,80.9010009765625,0.6212486283299433
lightgbm,58.049977985,79.29754781244404,0.6321061436007378
catboost,57.729450201,79.11555314019066,0.6350607390916759
