model_type,train_time,mse,gini
neurotrees,555.320589671,76.9013456179891,0.6505148897748296
evotrees,29.414531026,80.06536102294922,0.6287490216950541
xgboost,15.801707043,80.89496612548828,0.622003341726959
lightgbm,311.438129132,79.32008324114537,0.6328034962431235
catboost,52.220986391,79.53641642984935,0.632375752885048
