model_type,train_time,mse,gini
neurotrees,411.351829907,76.91285872963505,0.6489499351294262
evotrees,24.180306549,79.7194595336914,0.6308095974002734
xgboost,13.300357558,80.14472198486328,0.6291987235321538
lightgbm,160.39116968,79.57602800798291,0.6307311394630192
catboost,41.445589199,79.65802290470451,0.6313951236703225
