model_type,train_time,mse,gini
neurotrees,258.766921831,77.01863075999849,0.6494596749710049
evotrees,24.38320981,80.20426940917969,0.6278722395928542
xgboost,25.622257341,81.03116607666016,0.620801713916458
lightgbm,50.081616724,79.255134531986,0.6341785748779916
catboost,59.721249075,79.11555314019066,0.6350607390916759
