model_type,train_time,mse,gini
neurotrees,259.362729627,76.71655553969289,0.651465135224668
neurotrees-gaussian,124.125160958,76.0724606666631,0.6557332870073806
evotrees,110.879796855,80.42980194091797,0.6251737439774762
xgboost,21.176110115,80.2445068359375,0.6265928498808503
lightgbm,56.600467297,79.29754781244404,0.6321061436007378
catboost,32.855617603,79.2686967237232,0.6349812480361557
