model_type,train_time,mse,gini
neurotrees,311.135409104,76.65304116181838,0.6522931491691297
neurotrees-gaussian,170.987716901,76.52716481972696,0.6540948761223238
evotrees,17.489032888,80.23218536376953,0.6281899887983914
xgboost,25.7404749,80.76382446289062,0.6213576421273344
lightgbm,165.820691199,79.57602800798291,0.6307311394630192
catboost,32.312163982,79.2686967237232,0.6349812480361557
