model_type,train_time,mse,gini
neurotrees,340.055669451,77.32106290776623,0.6485738012093579
neurotrees-gaussian,637.749421572,78.06662375784238,0.6447509265431488
evotrees,42.212276213,80.27684783935547,0.6273302031183
xgboost,15.734113216,80.89496612548828,0.622003341726959
lightgbm,48.449992436,79.255134531986,0.6341785748779916
catboost,58.754028484,79.11555314019066,0.6350607390916759
