model_type,train_time,mse,gini
neurotrees,395.230490784,77.44478373074985,0.6468573734921862
neurotrees-gaussian,204.237480164,76.58150818735396,0.6542481043195925
evotrees,27.138158022,80.66082000732422,0.6236318804411511
xgboost,21.211751381,80.2445068359375,0.6265928498808503
lightgbm,174.848313006,79.97352137801415,0.6272971895356941
catboost,51.248509254,79.53641642984935,0.632375752885048
