model_type,train_time,mse,gini
neurotrees,246.80248363,76.47996318186713,0.6528417926523344
evotrees,32.306319178,80.231689453125,0.6284594635777566
xgboost,10.399032068,81.41173553466797,0.6163574898298728
lightgbm,183.77823774,79.70386886698708,0.6288294481340478
catboost,51.925865185,79.53641642984935,0.632375752885048
