model_type,train_time,mse,gini
neurotrees,308.12877195,76.81312801539337,0.6508272239261063
evotrees,71.947589369,80.36871337890625,0.62585372525155
xgboost,33.78477302,82.01775360107422,0.6143239363594543
lightgbm,15.228782684,79.36491783263462,0.6333540586088654
catboost,126.85808909,80.16288936072952,0.6298130864868394
