model_type,train_time,mse,gini
neurotrees,318.52882639,76.82579163479546,0.6493311056035596
evotrees,32.234614158,81.24187469482422,0.621323877422094
xgboost,20.369991858,81.62841033935547,0.6169827392101911
lightgbm,182.529212078,79.32008324114537,0.6328034962431235
catboost,91.936969124,79.57915387376678,0.6319288880907649
