model_type,train_time,mse,gini
neurotrees,337.852703281,77.24367958632988,0.646954156634648
neurotrees-gaussian,273.896256779,76.18741670230106,0.6560812029108818
evotrees,30.206075697,80.89935302734375,0.6238728463233366
xgboost,22.153713141,81.03116607666016,0.620801713916458
lightgbm,342.245022292,79.57602800798291,0.6307311394630192
catboost,30.017960857,79.73752222185512,0.6319352154275483
