model_type,train_time,mse,gini
neurotrees,311.965479543,76.66616573258052,0.6525028144930688
neurotrees-gaussian,360.711655323,76.38179149964192,0.6533831295371448
evotrees,19.278235862,80.25585174560547,0.6273591886605435
xgboost,10.486931722,80.0217056274414,0.6279889498342727
lightgbm,175.815871517,79.97352137801415,0.6272971895356941
catboost,92.662390967,79.57915387376678,0.6319288880907649
