model_type,train_time,mse,gini
neurotrees,269.879577343,77.1693842312779,0.6492439366941264
neurotrees-gaussian,234.821492572,76.31267260301038,0.6551001951959606
evotrees,76.51776773,80.49024963378906,0.6247991859796739
xgboost,22.119290308,81.49909973144531,0.6175787544054865
lightgbm,47.78050286,79.255134531986,0.6341785748779916
catboost,41.146060801,79.38190360608488,0.6335075668880775
