model_type,train_time,mse,gini
neurotrees,357.767731292,76.8455067490354,0.651298221696023
neurotrees-gaussian,372.219906858,76.48194392937945,0.6545545571601378
evotrees,31.489391453,80.82640838623047,0.6213024140415562
xgboost,26.004751074,80.9010009765625,0.6212486283299433
lightgbm,185.534608057,79.32008324113465,0.6328034962431235
catboost,41.081700968,79.50970043358559,0.6331332101009246
