model_type,train_time,mse,gini
neurotrees,398.791762903,76.8147610634534,0.6509276380186203
neurotrees-gaussian,200.708147643,76.50013303286687,0.6542280316436374
evotrees,31.506555857,80.82640838623047,0.6213024140415562
xgboost,26.702276548,80.76382446289062,0.6213576421273344
lightgbm,177.928946588,79.57602800798291,0.6307311394630192
catboost,67.455150187,79.49636923893658,0.6332131913340183
