model_type,train_time,mse,gini
neurotrees,355.111586576,76.96912327300785,0.6498179079778867
neurotrees-gaussian,304.309052818,76.12554733120878,0.6563345167297476
evotrees,33.456730713,80.83195495605469,0.6194437342227113
xgboost,17.513683709,82.59683990478516,0.6096929059549636
lightgbm,52.339340055,79.29754781244404,0.6321061436007378
catboost,66.200976146,79.8150127070128,0.630829681968434
